{"web":{"client_id":"168375451406-7it9b3k4viqihdt9e8g7ttjvlhfprl8i.apps.googleusercontent.com","project_id":"restauranttest-175503","auth_uri":"https://accounts.google.com/o/oauth2/auth","token_uri":"https://accounts.google.com/o/oauth2/token","auth_provider_x509_cert_url":"https://www.googleapis.com/oauth2/v1/certs","client_secret":"bV5cGrBOuYoE1DV8zpxTmANB","redirect_uris":["http://localhost:8000/gconnect","http://localhost:8000/login","http://localhost:8000/catalog"],"javascript_origins":["http://localhost:8000"]}}